pole-id;plot;id_check;standcode;trees;total;sq1;sq2;sq3;sq4;unident;area;perimeter;shapeindex;age;class;slope;aspect;altitude;soilcode;clayCont;type;ndi;open;road;alnall;conmed;conold;fagmed;fagold;quemed;queold;numNeed;numFag;numQue;numAln;numTotal;areaNeed;areaFag;areaQuer;areaAln;areaTotal;numDec;numCon;strdiv
901-388;H1;#N/A;#N/A;#N/A;#N/A;#N/A;#N/A;#N/A;#N/A;#N/A;#N/A;#N/A;#N/A;#N/A;#N/A;#N/A;#N/A;#N/A;#N/A;#N/A;#N/A;#N/A;#N/A;#N/A;#N/A;#N/A;#N/A;#N/A;#N/A;#N/A;#N/A;#N/A;#N/A;#N/A;#N/A;#N/A;#N/A;#N/A;#N/A;#N/A;#N/A;#N/A;#N/A;#N/A
901-389;H2;901-389;941a1;2;16;7;1;8;14;0;1.3;768.4;1.9;35;quer.med;10.27;265.74;10;33K;5;K;28.57;0;0.84;0;0;0;0;0.7;74.2;24.27;0;675;250;0;925;0;12.45;6.89;0;19.33;5;0;1
901-390;H3;901-390;941a1;4;25;10;4;11;10;3;1.3;768.4;1.9;35;quer.med;40.46;293.28;5;43;5;0;35.71;0;0;0;0;0;0;0;55.2;44.81;0;175;925;150;1250;0;15.45;11.35;4.14;30.93;12;0;2
901-391;H4;901-391;941a1;5;20;13;1;6;7;0;1.3;768.4;1.9;35;quer.med;0;-1;2.5;43;5;0;14.29;0;0;0;0;0;0;0;87.31;12.69;300;0;475;0;775;0.93;0;15.72;0;16.65;12;0;1
901-392;H500;#N/A;#N/A;#N/A;#N/A;#N/A;#N/A;#N/A;#N/A;#N/A;#N/A;#N/A;#N/A;#N/A;#N/A;#N/A;#N/A;#N/A;#N/A;#N/A;#N/A;#N/A;#N/A;#N/A;#N/A;#N/A;#N/A;#N/A;#N/A;#N/A;#N/A;#N/A;#N/A;#N/A;#N/A;#N/A;#N/A;#N/A;#N/A;#N/A;#N/A;#N/A;#N/A;#N/A
901-393;H6;901-393;942c;5;26;13;4;9;7;4;1.36;727.3;1.8;193;fagu.old;10.03;306.21;7.5;33K;5;K;59.64;0;22.39;0;0;0;15.59;62.03;0;0;75;50;150;0;275;0.09;26.91;0.3;0;27.3;2;0;2
901-394;H7;901-394;942c;2;12;7;1;4;6;3;1.36;727.3;1.8;193;fagu.old;16.5;293.4;0;43;5;0;4.64;2.16;1.4;0;0;0;0;96.44;0;0;0;550;100;0;650;0;14.96;25.01;0;39.98;12;0;1
902-387;H8;902-387;937b;4;17;8;2;7;9;1;1.61;813.1;1.8;100;quer.old;27.51;233.24;17.5;43;5;0;23.93;0;0;0;0;0;0;0;30.47;69.53;175;225;275;0;675;0.35;22.18;2.26;0;24.79;7;0;1.5
902-388;H9;902-388;937a;4;18;4;4;10;6;0;1.5;973.1;2.2;36;quer.med;7.81;3.54;15;43;15;0;7.14;0;0;0;0;0;7.78;0;92.23;0;600;0;525;0;1125;2.53;0;12.31;0;14.84;7;0;2
902-389;H10;902-389;937c1;3;14;8;1;5;7;2;0.66;328.3;1.1;56;fagu.old;5.62;300.2;12.5;43;15;0;7.14;0;3.87;0;0;0;0;96.13;0;0;0;475;0;0;475;0;23.92;0;0;23.92;8;0;1
902-390;H11;902-390;941c;1;6;4;0;2;6;0;0.72;344;1.1;50;fagu.old;5.44;272.45;12.5;43;15;0;23.93;0;21.69;0;0;0;0;78.31;0;0;0;1025;25;0;1050;0;15.65;2.41;0;18.06;11;0;1
902-391;H12;902-391;940b;1;8;3;2;3;7;1;1.7;852.6;1.8;61;fagu.old;7.98;277.71;10;43;5;0;2.5;0;4.5;0;0;0;0;95.5;0;0;0;325;50;0;375;0;29.82;7.28;0;37.1;9;0;1
902-392;H13;902-392;940b;6;17;8;5;4;8;0;1.7;852.6;1.8;61;fagu.old;6.8;231.86;10;43;5;0;23.93;0;0;0;21.83;0;0;78.17;0;0;25;325;25;0;375;1.23;19.98;1.77;0;22.97;9;0;1.5
902-393;H14;902-393;943e;3;19;10;4;5;20;4;0.37;261.3;1.2;67;quer.old;7.84;296.97;10;43;5;0;50;0;33.09;0;0;0;12.69;0;0;54.22;0;825;200;0;1025;0;5.68;19.9;0;25.58;6;0;1.5
902-394;H15;902-394;942a;3;1;1;0;0;7;2;1.85;588.5;1.2;24;fagu.med;7.14;294.55;7.5;43;5;0;0;0;0;0;0;0;100;0;0;0;625;1150;50;0;1825;1.56;10.36;0.36;0;12.29;0;0;1
902-395;H16;902-395;942e;3;20;11;3;6;11;3;0.44;301.6;1.3;33;fagu.med;19.86;307.95;5;43;5;0;14.29;0;0;0;0;0;86.09;13.91;0;0;0;875;0;0;875;0;21.36;0;0;21.36;13;0;1
903-386;H17;903-386;936d2;5;22;11;1;10;9;0;0.37;252.3;1.2;98;fagu.old;29.01;228.23;17.5;43;5;0;28.57;0;0;0;0;0;0;69.74;12.94;17.33;50;100;50;0;200;0.18;21.72;1.06;0;22.96;3;0;2
903-387;H18;903-387;937e;3;15;6;3;6;13;1;0.44;264.9;1.1;51;coni.old;0;-1;17.5;43;5;0;61.79;12.24;3.73;0;0;59.1;24.93;0;0;0;500;125;0;0;625;59.43;1.28;0;0;60.71;0;19;2
903-388;H19;903-388;938d;1;15;12;3;4;6;1;0.73;369.6;1.2;28;fagu.med;10.94;307.96;17.5;43;15;0;2.5;0;0;0;0;0;95.57;0;4.43;0;25;1575;0;0;1600;0.02;15.71;0;0;15.73;0;0;1
903-389;H20;903-389;938c;2;15;6;1;8;10;2;0.74;338.8;1.1;39;quer.med;10.76;292.45;15;43;15;0;23.93;34.55;0;0;0;0;0;0;65.45;0;0;25;550;0;575;0;0.02;31.28;0;31.3;22;0;2
903-390;H21;903-390;940d1;2;18;5;5;8;6;0;0.78;378.5;1.2;1;open;6.42;292.36;15;43;15;0;47.5;51.33;7.22;0;0;0.7;0;0.7;0;40.06;0;25;200;0;225;0;0.57;7.51;0;8.07;5;0;2
903-391;H22;903-391;940d3;2;20;9;4;7;13;2;0.67;477.5;1.6;4;open;8.35;324.31;12.5;44S;15;S;11.79;94.04;0;0;3.87;1.4;0;0.7;0;0;0;0;0;0;0;0;0;0;0;0;0;0;1
903-392;H23;903-392;940a1;3;11;4;2;5;9;1;2.78;914.8;1.5;12;coni.med;0;-1;15;44S;15;S;38.21;20.22;0.7;0;79.08;0;0;0;0;0;300;950;225;0;1475;2.29;2.05;0.28;0;4.63;0;0;2.8
903-393;H24;903-393;943b2;1;14;6;0;8;6;0;0.6;381;1.4;48;fagu.old;11.73;286.9;15;43;5;0;14.29;0;0;0;0;0;0;81.83;0;18.17;0;50;750;0;800;0;0.46;15.5;0;15.96;6;0;1.3
903-394;H25;903-394;942a;4;27;9;5;13;13;6;1.85;588.5;1.2;24;fagu.med;0;-1;12.5;43;5;0;73.93;0;40.38;0;0;0;30.09;19.7;0;9.83;125;250;100;0;475;2.54;3.21;0.21;0;5.96;1;0;2.3
903-395;H26;903-395;942d;1;13;8;2;3;6;1;0.46;281.9;1.2;38;quer.med;10.56;315;12.5;43;5;0;21.43;0;0;0;0;4.74;0;0;76.26;19;50;0;625;0;675;1.09;0;23.57;0;24.66;16;1;1
903-396;H27;903-396;946c1;2;12;3;3;6;13;2;1.29;802.3;2;35;coni.old;10.66;281.34;7.5;44SI;30;SI;7.14;0;0;0;0;96.83;0;0;0;3.17;575;225;50;0;850;15.03;3.36;5.69;0;24.07;3;11;1
903-397;H28;903-397;946b;7;24;8;2;14;8;1;1.58;843.8;1.9;36;quer.med;0;-1;2.5;52;1;U;28.57;13.81;14.61;0;0;0;0;0;71.58;0;0;125;1250;0;1375;0;1.93;18.53;0;20.46;4;0;2
904-385;H29;#N/A;#N/A;#N/A;#N/A;#N/A;#N/A;#N/A;#N/A;#N/A;#N/A;#N/A;#N/A;#N/A;#N/A;#N/A;#N/A;#N/A;#N/A;#N/A;#N/A;#N/A;#N/A;#N/A;#N/A;#N/A;#N/A;#N/A;#N/A;#N/A;#N/A;#N/A;#N/A;#N/A;#N/A;#N/A;#N/A;#N/A;#N/A;#N/A;#N/A;#N/A;#N/A;#N/A
904-386;H30;904-386;936b;2;6;1;0;5;7;0;1.17;755.6;2;28;fagu.old;0;-1;20;43;5;0;35.71;0;22.32;0;0;0;0;77.69;0;0;125;1600;0;0;1725;4.34;14.33;0;0;18.67;5;3;1.5
904-387;H31;904-387;935b3;8;13;3;1;9;13;1;0.15;268;1.9;55;quer.old;0;-1;17.5;43;15;0;64.29;46.76;10.84;0;0;0;0;0;9.94;32.46;75;0;675;0;750;1.93;0;13.16;0;15.1;4;1;2
904-388;H32;904-388;938a1;1;8;5;0;3;7;5;2.52;634.3;1.1;7;open;0;-1;20;43;15;0;0;100;0;0;0;0;0;0;0;0;2300;0;0;0;2300;1.85;0;0;0;1.85;0;0;1
904-389;H33;#N/A;#N/A;#N/A;#N/A;#N/A;#N/A;#N/A;#N/A;#N/A;#N/A;#N/A;#N/A;#N/A;#N/A;#N/A;#N/A;#N/A;#N/A;#N/A;#N/A;#N/A;#N/A;#N/A;#N/A;#N/A;#N/A;#N/A;#N/A;#N/A;#N/A;#N/A;#N/A;#N/A;#N/A;#N/A;#N/A;#N/A;#N/A;#N/A;#N/A;#N/A;#N/A;#N/A
904-390;H34;904-390;939a2;1;16;5;3;8;11;1;0.13;182.1;1.4;63;quer.old;5.24;309.68;17.5;44S;15;S;31.07;7.92;15.41;0;0;0;0;0;0;76.67;0;0;1500;0;1500;0;0;18.06;0;18.06;8;0;1
904-391;H35;904-391;940d3;4;16;7;3;6;6;3;0.67;477.5;1.6;4;open;5.56;318.38;15;44S;15;S;21.43;79.46;0;0;14.37;0;0;0;0;6.17;0;0;0;0;0;0;0;0;0;0;0;0;1.5
904-392;H36;904-392;940a1;5;13;5;2;6;6;1;2.78;914.8;1.5;12;coni.med;6.21;226.43;15;43;5;0;21.43;7.32;3.87;0;88.81;0;0;0;0;0;575;1950;0;0;2525;4.15;4.25;0;0;8.4;0;0;1
904-393;H37;904-393;943c;2;8;7;0;1;8;1;1.18;516.7;1.3;40;quer.old;4.53;198.3;15;43;5;0;7.14;10.7;0;0;0;0;0;0;0;89.3;0;75;350;25;450;0;0.58;21.01;0.64;22.23;14;0;1
904-394;H38;904-394;943a;2;0;0;0;0;4;2;3.09;1030;1.7;7;open;0;-1;17.5;44SI;30;SI;0;100;0;0;0;0;0;0;0;0;2300;0;0;0;2300;1.85;0;0;0;1.85;0;0;1
904-395;H39;904-395;road;8;30;13;1;16;11;3;0;0;0;7;road;0;-1;17.5;43;5;0;50;28.73;42.16;0;0;0;0;1.53;0;27.58;0;0;167;0;167;0;0;3.91;0;3.91;1;0;3
904-396;H40;904-396;946c1;5;25;9;1;15;5;1;1.29;802.3;2;35;coni.old;10.66;309.71;12.5;44S;30;S;16.79;0;0.7;0;0;68.13;0;0;0;31.17;550;0;125;0;675;31.5;0;4.55;0;36.05;3;19;1.3
904-397;H41;904-397;946c3;2;5;2;2;1;9;1;0.17;170.5;1.2;35;coni.old;26.61;305.4;10;43;5;0;16.79;0;0;0;0;82.18;0;0;14.09;3.73;850;0;0;0;850;58.01;0;0;0;58.01;0;18;1
905-385;H42;905-385;936a2;9;11;9;1;1;14;1;0.99;526.4;1.5;35;quer.med;58.38;181.73;7.5;SLP;-999;V;7.14;0;0;0;0;0;0;0;93.83;6.17;0;200;650;0;850;0;0.67;7.46;0;8.13;1;0;1.3
905-386;H43;905-386;936c;4;10;4;1;5;5;0;0.8;399.6;1.3;61;fagu.old;10.31;157.83;15;43;15;0;7.14;0;3.87;0;0;0;0;96.13;0;0;0;375;25;0;400;0;21.25;2.14;0;23.38;11;0;1
905-387;H44;905-387;935b1;1;17;11;2;4;7;0;0.74;466.2;1.5;102;fagu.old;0;-1;20;43;15;0;2.5;0;0;0;0;0;0;97.04;2.96;0;0;200;0;0;200;0;26.86;0;0;26.86;4;0;1
905-388;H45;905-388;935a;1;18;8;2;8;15;0;4.83;1379.1;1.8;42;fagu.old;0;-1;20;43;15;0;21.43;13.98;0;1.71;0;0;0;84.31;0;0;0;1000;50;0;1050;0;17.61;0.33;0;17.94;4;0;1
905-389;H46;905-389;938b;2;27;11;0;16;13;3;0.86;408.9;1.2;55;quer.old;5.24;309.68;17.5;44S;15;S;9.64;0;0;4.5;0;0;0;8.68;0;86.82;0;250;150;0;400;0;5.26;8.49;0;13.75;8;0;2
905-390;H47;905-390;939a1;4;17;9;2;6;12;2;1.88;691.1;1.4;50;quer.old;5.24;343.63;17.5;54T;-999;T;14.29;0;12.24;0;0;0;0;0;0;87.76;0;75;225;125;425;0;1.87;15.03;0.43;17.32;8;0;1
905-391;H48;905-391;939b;4;21;6;10;5;9;0;0.54;343.5;1.3;49;fagu.old;0;-1;15;44S;15;S;14.29;13.67;0;0;0;0;0;86.33;0;0;0;150;125;0;275;0;11.32;0.2;0;11.52;3;0;2.2
905-392;H49;905-392;940a1;4;26;16;4;6;17;1;2.78;914.8;1.5;12;coni.med;0;-1;17.5;43;15;0;64.29;12.24;48.85;0;20.75;0;0;18.17;0;0;0;350;25;0;375;0;2.55;0.02;0;2.57;1;0;3.2
905-393;H50;905-393;943b1;2;9;3;1;5;17;1;0.94;387.9;1.1;48;fagu.old;5.71;167.95;15;44S;15;S;23.93;27.02;0;0;0;0;0;72.98;0;0;100;900;0;0;1000;2.85;20.91;0;0;23.76;10;1;1.1
905-394;H51;905-394;943a;7;11;3;1;7;8;1;3.09;1030;1.7;7;open;2.68;84.11;15;44S;15;S;7.14;97.59;0;0;0;0;0;2.41;0;0;1000;200;0;0;1200;2.5;11.25;0;0;13.75;4;0;2
905-395;H52;905-395;945b2;2;14;8;2;4;14;3;1.43;1037.3;2.4;3;open;8.6;-1;15;44S;15;S;23.93;73.01;0;0;0;0;0;26.99;0;0;0;0;0;0;0;0;0;0;0;0;0;0;1
905-396;H53;905-396;945a1;1;12;5;2;5;13;0;1.02;452;1.3;63;fagu.old;0;-1;15;44S;15;S;14.29;0;21.23;0;0;0;0;78.77;0;0;0;625;0;0;625;0;33.14;0;0;33.14;15;0;1
905-397;H54;905-397;947a1;5;10;7;1;2;9;1;2.34;1058.8;2;7;open;14.21;335.01;15;43;5;0;23.93;73.12;0;0;0;0;0;0;0;26.88;0;0;450;0;450;0;0;8.11;0;8.11;3;0;2
905-398;H55;905-398;947a1;5;17;10;1;6;13;2;2.34;1058.8;2;7;open;0;-1;2.5;44;15;0;38.21;55.68;8.86;0;35.46;0;0;0;0;0;2300;0;0;0;2300;1.85;0;0;0;1.85;0;0;1
906-385;H56;#N/A;#N/A;#N/A;#N/A;#N/A;#N/A;#N/A;#N/A;#N/A;#N/A;#N/A;#N/A;#N/A;#N/A;#N/A;#N/A;#N/A;#N/A;#N/A;#N/A;#N/A;#N/A;#N/A;#N/A;#N/A;#N/A;#N/A;#N/A;#N/A;#N/A;#N/A;#N/A;#N/A;#N/A;#N/A;#N/A;#N/A;#N/A;#N/A;#N/A;#N/A;#N/A;#N/A
906-386;H57;906-386;936d1;1;18;11;2;5;9;0;1.09;579.5;1.6;98;fagu.old;10.6;163.95;12.5;43;15;0;14.29;0;3.63;0;0;0;0;96.37;0;0;0;125;0;0;125;0;33.41;0;0;33.41;6;0;1
906-387;H58;906-387;935b1;1;5;2;0;3;8;0;0.74;466.2;1.5;102;fagu.old;21.71;-1;20;44;15;0;7.14;0;5.47;0;0;0;0;94.53;0;0;0;725;0;0;725;0;12.33;0;0;12.33;6;0;1
906-388;H59;906-388;935a;1;9;1;1;7;8;1;4.83;1379.1;1.8;42;fagu.old;0;-1;22.5;43K;15;K;16.79;0;8.19;0;0;0.7;0;91.11;0;0;0;1150;0;0;1150;0;18.76;0;0;18.76;2;0;1
906-389;H60;906-389;935d1;3;12;3;1;8;9;2;0.14;164.5;1.2;28;coni.med;0;-1;20;33;1;0;47.5;5.27;9.9;0;68.72;4.71;0;11.4;0;0;1300;0;25;0;1325;33.64;0;0.5;0;34.14;0;18;1
906-390;H61;906-390;934e;4;18;12;4;2;10;0;0.34;341.1;1.6;47;alnu.all;6.88;276.97;17.5;44S;15;S;61.79;2.16;16.84;55.96;0;0;0;0;0;25.04;0;75;350;0;425;0;1.34;20.06;0;21.39;13;0;1.4
906-391;H62;906-391;934b3;0;12;4;1;7;7;0;0.04;71.4;1;48;alnu.all;8.76;311.35;17.5;54T;-999;T;42.86;15.8;0.7;38.56;0;0.7;0;0;0;44.25;0;0;0;0;0;0;0;0;0;0;0;0;1.2
906-392;H63;906-392;944a1;4;12;9;1;2;10;0;2.51;1383;2.5;88;fagu.old;0;-1;17.5;44S;15;S;26.07;27.82;0.7;0;0;0;0;71.48;0;0;0;175;50;100;325;0;23.84;0.26;2.82;26.92;8;0;1.9
906-393;H64;906-393;944a1;1;22;10;1;11;9;0;2.51;1383;2.5;88;fagu.old;3.06;148.36;15;44S;15;S;9.64;9.38;0;0.7;0;0;0;89.92;0;0;0;200;0;125;325;0;13.38;0;1.48;14.86;5;0;1.5
906-394;H65;906-394;945a4;1;19;7;6;6;11;0;0.8;591;1.9;63;fagu.old;2.68;80.91;15;54T;-999;T;42.86;4.81;24.86;0;0;0;0;70.33;0;0;0;375;0;0;375;0;15.02;0;0;15.02;8;0;1
906-395;H66;906-395;945b1;0;20;8;3;9;31;4;0.82;539.4;1.7;3;fagu.old;8.6;121.08;15;44S;15;S;38.21;0;26.5;0.84;0;0;0;72.66;0;0;0;100;0;0;100;0;4.89;0;0;4.89;3;0;2.2
906-396;H67;906-396;945b1;1;16;9;5;2;3;4;0.82;539.4;1.7;3;fagu.old;12.26;89.59;15;44S;15;S;0;0;0;0;0;0;0;100;0;0;0;0;0;0;0;0;0;0;0;0;0;0;1
906-397;H68;906-397;947a1;5;9;6;1;2;14;1;2.34;1058.8;2;7;open;18.15;36.57;15;44;15;0;50;42.99;35.74;0;0;0;0;21.27;0;0;2300;0;0;0;2300;1.85;0;0;0;1.85;0;0;1
906-398;H69;906-398;947a1;2;10;9;0;1;10;1;2.34;1058.8;2;7;open;8.98;3.15;5;44;15;0;23.93;65.45;0;34.55;0;0;0;0;0;0;1750;0;100;0;1850;1.5;0;2.27;0;3.77;0;0;2
906-399;H70;906-399;947b;2;29;20;2;7;10;1;0.86;360.7;1.1;47;quer.old;0;-1;2.5;52;1;U;2.5;0;0;3;0;0;0;0;0;97;0;0;425;0;425;0;0;18.4;0;18.4;13;0;1.2
907-386;H71;907-386;932a;1;13;8;4;1;7;0;2.56;902.3;1.6;51;fagu.old;25.98;157.92;10;43;15;0;0;0;0;0;0;0;0;100;0;0;0;550;0;0;550;0;22.11;0;0;22.11;14;0;1.2
907-387;H72;907-387;935a;2;12;5;2;5;5;0;4.83;1379.1;1.8;42;fagu.old;10.38;128.47;15;44;15;0;23.93;0;11.37;0;0;0;0;88.63;0;0;0;1375;0;0;1375;0;21.15;0;0;21.15;12;0;1
907-388;H73;907-388;935a;0;11;5;1;5;3;0;4.83;1379.1;1.8;42;fagu.old;19.16;77.41;17.5;43K;15;K;14.29;0;8.05;0;0;0;0;91.95;0;0;0;1675;0;0;1675;0;24.37;0;0;24.37;18;0;1
907-389;H74;907-389;935c1;5;12;7;2;3;14;1;1.45;696.5;1.6;7;open;13.73;97.48;17.5;43K;15;K;35.71;70.15;0;0;0;0;0;29.85;0;0;425;475;50;0;950;0.66;5.69;2.6;0;8.96;3;0;2.2
907-390;H75;907-390;934a2;6;23;8;3;12;17;2;0.23;282.4;1.7;7;open;10.28;25.31;17.5;54T;-999;T;73.93;46.9;21.1;20.78;0;11.23;0;0;0;0;2300;0;0;0;2300;1.85;0;0;0;1.85;0;0;1
907-391;H76;907-391;934c1;6;19;12;3;4;16;4;0.62;474.5;1.7;4;open;6.28;0.04;17.5;33;1;0;2.5;97.84;0;0;0;2.16;0;0;0;0;0;0;0;0;0;0;0;0;0;0;0;0;1
907-392;H77;907-392;944c2;1;0;0;0;0;0;0;0.15;148.1;1.1;18;coni.med;6.43;307.2;17.5;44S;15;S;16.79;0;9.69;0;80.47;2.16;0;7.67;0;0;3350;0;25;0;3375;38.04;0;0.95;0;38.99;1;8;1
907-393;H78;907-393;944b;4;12;6;3;3;4;2;1.26;475.2;1.2;7;open;7.77;295.44;17.5;44S;15;S;14.29;86.86;0;0;0;0;0;13.15;0;0;2300;0;0;0;2300;1.85;0;0;0;1.85;0;0;1
907-394;H79;907-394;944a1;2;16;9;2;5;23;2;2.51;1383;2.5;88;fagu.old;15.59;287.8;17.5;44S;15;S;73.93;20.64;31.17;0;6.42;0;0;41.77;0;0;25;200;0;0;225;0.07;13.91;0;0;13.98;8;0;2.3
907-395;H80;907-395;945a7;1;20;12;3;5;16;1;0.45;291.9;1.2;63;fagu.old;0;-1;12.5;44S;15;S;28.57;0;11.72;0;0;0;19.84;68.45;0;0;0;300;25;0;325;0;16.65;1.65;0;18.3;11;0;1.1
907-396;H81;907-396;948b;1;18;4;3;11;14;3;0.99;406.4;1.2;33;coni.old;31.9;255.71;17.5;43;15;0;23.93;0;14.64;0;0;85.36;0;0;0;0;575;0;0;0;575;32.11;0;0;0;32.11;0;21;1
907-397;H82;907-397;948a1;1;7;3;0;4;5;0;1.3;598.5;1.5;7;open;11.79;328.25;15;43;15;0;28.57;79.85;10.53;0;0;0;0;9.62;0;0;2300;0;0;0;2300;1.85;0;0;0;1.85;0;0;1
907-398;H83;907-398;955d1;2;14;9;3;2;14;2;0.72;447.4;1.5;56;coni.old;13.05;266.89;12.5;43;15;0;2.5;0;0;0;0;97.04;0;2.96;0;0;325;0;0;0;325;19.65;0;0;0;19.65;0;12;1
907-399;H84;907-399;9550;3;7;4;2;1;6;0;0.37;269.4;1.3;107;fagu.old;33.07;310.91;7.5;43;15;0;31.07;10.53;2.16;0;0;14.16;0;73.15;0;0;0;475;0;0;475;0;46.94;0;0;46.94;10;0;1
908-386;H85;908-386;932a;1;10;5;2;3;14;2;2.56;902.3;1.6;51;fagu.old;0;157.36;2.5;44;15;0;23.93;0;0;0;0;0;0;74.44;25.56;0;0;1125;25;0;1150;0;28.4;2.14;0;30.53;13;0;1
908-387;H86;908-387;933a;2;35;18;5;12;15;1;1.8;578.9;1.2;54;fagu.old;7.79;125.37;12.5;44;15;0;71.43;0;19.39;0;40.31;0;0;40.31;0;0;500;425;75;0;1000;0.6;6.19;8.38;0;15.17;5;0;3
908-388;H87;908-388;933b;6;21;12;0;9;10;1;1.08;517.8;1.4;10;coni.med;7.21;131.07;15;44S;15;S;71.43;0;19.39;0;40.31;0;0;40.31;0;0;450;400;25;0;875;0.5;13.3;0.95;0;14.75;9;0;3
908-389;H88;908-389;road;4;26;13;3;10;16;0;0;0;0;7;road;6.63;78.68;15;43S;5;S;35.71;63.04;36.96;0;0;0;0;0;0;0;2300;0;0;0;2300;1.85;0;0;0;1.85;0;0;1
908-390;H89;908-390;road;3;31;19;1;11;13;3;0;0;0;46;road;0;117.03;15;33KS;5;KS;76.07;23.12;36.19;0;0;0.77;0;13.74;0;26.19;50;0;225;0;275;0.09;0;12.57;0;12.66;8;0;2.3
908-391;H90;908-391;934c1;1;18;6;3;9;10;4;0.62;474.5;1.7;4;open;13.78;127.2;17.5;44;15;0;38.21;71.41;26.43;0;0;0;0;2.16;0;0;0;0;0;0;0;0;0;0;0;0;0;0;2
908-392;H91;908-392;934d2;7;33;14;5;14;10;0;0.32;276.9;1.4;73;fagu.old;6.43;307.2;17.5;44;15;0;73.93;3.45;19.6;0;32.53;0;0;44.42;0;0;550;275;50;0;875;7.99;16.9;0.17;0;25.07;4;4;2.5
908-393;H92;908-393;949a;3;12;7;1;4;26;1;1.23;528.4;1.3;9;coni.med;0;-1;20;44;15;0;50;13.81;30.79;0;55.4;0;0;0;0;0;2300;0;0;0;2300;1.85;0;0;0;1.85;0;0;1
908-394;H93;908-394;949a;3;13;5;0;8;10;0;1.23;528.4;1.3;9;coni.med;0;-1;20;44SI;30;SI;38.21;0.7;0;0;66.77;0;0;32.53;0;0;1100;50;0;0;1150;0.9;6.84;0;0;7.74;2;0;2.5
908-395;H94;908-395;948c1;3;12;1;1;10;14;1;0.88;397.5;1.2;39;fagu.med;37.84;208.31;17.5;44S;15;S;59.64;29.5;22.32;0;0;0;48.19;0;0;0;100;425;0;0;525;5.65;8.46;0;0;14.11;3;3;2
908-396;H95;908-396;951a1;4;14;5;0;9;11;0;2.73;973.3;1.7;107;fagu.old;20.62;14.41;22.5;43;15;0;71.43;6.59;5.06;0;0;33.09;5.02;50.24;0;0;225;200;25;0;450;13.09;16.69;1.54;0;31.31;5;8;1.5
908-397;H96;908-397;951b;1;14;6;4;4;7;4;0.89;416.7;1.2;7;fagu.med;32.12;268.12;17.5;43;15;0;38.21;0.7;18.2;0;0;0;81.1;0;0;0;0;950;0;0;950;0;17.2;0;0;17.2;10;0;1
908-398;H97;908-398;954a1;2;13;10;0;3;24;2;1.21;515.5;1.3;109;fagu.old;0;-1;20;43;15;0;42.86;0;56.42;0;0;0;4.32;39.26;0;0;0;150;0;0;150;0;35.4;0;0;35.4;6;0;1.3
908-399;H98;908-399;955c;2;10;4;1;5;16;4;0.93;414.2;1.2;5;fagu.old;12.42;21.72;12.5;43;15;0;7.14;0;0;0;7.67;0;0;92.33;0;0;0;150;25;0;175;0;7.37;0.03;0;7.4;4;0;2
909-386;H99;909-386;932b;7;18;10;1;7;6;0;1.44;826.7;1.9;32;quer.med;0;-1;2.5;44;15;0;14.29;0;0;0;0;0;0;15.13;84.87;0;575;0;600;0;1175;2.13;0;14.58;0;16.72;6;0;1
909-387;H100;909-387;933a;2;17;3;4;10;9;0;1.8;578.9;1.2;54;fagu.old;9.36;152.09;10;44;15;0;35.71;0;15.27;0;0;0;0;84.73;0;0;0;525;0;0;525;0;20.88;0;0;20.88;11;0;1
909-388;H101;909-388;931a;1;9;4;0;5;13;0;1.16;637.9;1.7;55;fagu.old;11.66;63.37;10;44;15;0;14.29;0;18.97;0;0;0;0;81.03;0;0;0;525;0;0;525;0;20.07;0;0;20.07;12;0;1
909-389;H102;909-389;930a;5;16;9;1;6;8;1;2.89;745.7;1.2;7;open;0;-1;10;43S;5;S;0;100;0;0;0;0;0;0;0;0;2300;0;0;0;2300;1.85;0;0;0;1.85;0;0;1
909-390;H103;909-390;930a;3;14;10;0;4;11;0;2.89;745.7;1.2;7;open;10.75;180.88;12.5;43S;5;S;7.14;90.31;0;0;0;0;0;9.69;0;0;2300;0;0;0;2300;1.85;0;0;0;1.85;0;0;1
909-391;H104;909-391;929a;3;18;4;0;14;13;0;1.57;558.2;1.3;17;coni.med;6.16;147.88;15;43S;5;S;7.14;0;0;0;94.11;0;0;0;0;5.89;225;1625;0;75;1925;9.06;9.91;0;2.47;21.45;1;6;1
909-392;H105;909-392;929a;2;7;2;1;4;7;0;1.57;558.2;1.3;17;coni.med;0;-1;20;44;15;0;7.14;0;0;0;91.98;0;0;0;8.02;0;175;2075;0;0;2250;6.15;11.34;0;0;17.49;0;4;1
909-393;H106;909-393;road;0;19;12;4;3;12;1;0;0;0;91;road;0;-1;22.5;44;15;0;23.93;0;41;0;0;0;0;59;0;0;0;150;0;0;150;0;32.66;0;0;32.66;6;0;2
909-394;H107;909-394;950a1;1;20;13;5;2;7;0;5.47;1391.2;1.7;91;fagu.old;0;-1;20;44S;15;S;42.86;0;23.82;0;0;7.99;0;68.2;0;0;0;300;0;0;300;0;26.16;0;0;26.16;6;0;2
909-395;H108;909-395;950a1;1;19;6;5;8;7;1;5.47;1391.2;1.7;91;fagu.old;0;-1;20;44SI;30;SI;35.71;25.7;0;0;0;0;0;74.3;0;0;1000;250;0;0;1250;0.75;30.32;0;0;31.07;4;0;2.5
909-396;H109;909-396;951a1;4;17;10;1;6;4;0;2.73;973.3;1.7;107;fagu.old;12.09;-1;20;43;15;0;2.5;2.3;0;0;0;0;0;97.7;0;0;0;200;0;0;200;0;20.08;0;0;20.08;4;0;1
909-397;H110;909-397;951a1;3;15;8;2;5;5;0;2.73;973.3;1.7;107;fagu.old;16.4;229.96;25;44;15;0;0;0;0;0;0;0;0;100;0;0;0;250;0;0;250;0;22.41;0;0;22.41;6;0;1
909-398;H111;909-398;954a1;3;16;9;2;5;1;0;1.21;515.5;1.3;109;fagu.old;16.56;340.51;25;44;15;0;2.5;0;3;0;0;0;0;97;0;0;0;150;0;0;150;0;20.3;0;0;20.3;4;0;1
909-399;H112;909-399;955b1;3;16;12;1;3;18;2;0.49;338;1.4;11;open;16.45;335.54;10;43S;5;S;4.64;95.05;2.09;0;0;0;0;2.86;0;0;0;0;225;0;225;0;0;21.45;0;21.45;0;0;1
910-386;H113;910-386;932b;5;29;15;2;12;8;4;1.44;826.7;1.9;32;quer.med;4.6;160.33;0;52;1;U;50;21.41;0;0;0;0;23.26;1.4;53.94;0;425;25;1825;0;2275;1.43;0.07;17.12;0;18.62;1;0;2
910-387;H114;910-387;931a;1;21;12;2;7;16;0;1.16;637.9;1.7;55;fagu.old;5.17;274.5;2.5;54T;-999;T;47.5;0;26.53;28.24;0;0;0;45.22;0;0;0;850;50;25;925;0;14.55;7.32;4.34;26.21;8;0;1.3
910-388;H115;910-388;931c;5;21;14;2;5;10;0;0.96;582.3;1.7;38;alnu.all;5.24;263.29;2.5;54T;-999;T;35.71;0;0;54.95;0;45.05;0;0;0;0;50;0;50;300;400;1.07;0;4.68;29.97;35.73;11;0;1.5
910-389;H116;910-389;930a;7;18;3;2;13;23;2;2.89;745.7;1.2;7;open;9.12;159.87;5;44S;15;S;59.64;60.04;6.66;0;0;33.3;0;0;0;0;650;0;0;150;800;19.49;0;0;1.6;21.09;1;10;2
910-390;H117;910-390;930a;3;10;5;0;5;7;2;2.89;745.7;1.2;7;open;7.97;161.41;12.5;44;15;0;47.5;42.96;0;0;0;26.88;0;30.16;0;0;200;25;0;0;225;12.08;0.1;0;0;12.17;0;8;1
910-391;H118;910-391;929b;1;6;2;0;4;3;0;0.92;507.1;1.5;30;fagu.med;7.56;150.84;15;44S;15;S;23.93;0;0;0;0;31.8;68.2;0;0;0;50;1025;0;0;1075;4.86;12.16;0;0;17.03;2;1;1
910-392;H119;910-392;928c;4;6;2;1;3;29;6;1.21;651.9;1.7;23;fagu.med;9.6;154.56;17.5;44;15;0;23.93;0;24.09;0;0;0;75.91;0;0;0;300;650;25;0;975;3.8;8.43;0.2;0;12.43;1;1;2
910-393;H120;910-393;928b;2;9;3;1;5;18;1;1.15;699.9;1.8;32;coni.old;18.32;141.2;17.5;44S;15;S;23.93;0;0;0;0;67.4;0;32.6;0;0;225;100;0;0;325;9.32;19.86;0;0;29.18;4;6;2
910-394;H121;910-394;950a1;0;13;8;2;3;10;0;5.47;1391.2;1.7;91;fagu.old;0;-1;20;44S;15;S;0;0;0;0;0;0;0;100;0;0;0;250;0;0;250;0;29.66;0;0;29.66;7;0;1.2
910-395;H122;910-395;950a1;1;17;8;4;5;12;1;5.47;1391.2;1.7;91;fagu.old;15.94;207.54;22.5;44;15;0;0;0;0;0;0;0;0;100;0;0;0;275;0;0;275;0;16.61;0;0;16.61;3;0;1.2
910-396;H123;910-396;950a1;2;13;7;1;5;6;0;5.47;1391.2;1.7;91;fagu.old;0;-1;27.5;43;15;0;23.93;0;14.89;0;0;0;0;85.11;0;0;0;325;0;0;325;0;37.61;0;0;37.61;5;0;1.1
910-397;H124;910-397;952a1;1;12;7;1;4;5;0;1.97;929.5;1.9;111;fagu.old;0;-1;27.5;33;1;0;0;0;0;0;0;0;0;100;0;0;0;75;0;0;75;0;23.78;0;0;23.78;3;0;1
910-398;H125;910-398;954a1;1;19;12;1;6;13;1;1.21;515.5;1.3;109;fagu.old;10.58;14.25;22.5;44;15;0;14.29;13.84;0;0;0;0;0;86.16;0;0;0;175;0;0;175;0;14.99;0;0;14.99;4;0;1
910-399;H126;#N/A;#N/A;#N/A;#N/A;#N/A;#N/A;#N/A;#N/A;#N/A;#N/A;#N/A;#N/A;#N/A;#N/A;#N/A;#N/A;#N/A;#N/A;#N/A;#N/A;#N/A;#N/A;#N/A;#N/A;#N/A;#N/A;#N/A;#N/A;#N/A;#N/A;#N/A;#N/A;#N/A;#N/A;#N/A;#N/A;#N/A;#N/A;#N/A;#N/A;#N/A;#N/A;#N/A
911-386;H127;911-386;922d;3;18;14;1;3;14;1;0.34;235;1.1;93;quer.old;4.81;170.38;0;52;1;U;23.93;25.04;0;0;0;0;0;0;0;74.97;0;300;225;50;575;0;12.13;13.83;0.9;26.86;14;0;2.2
911-387;H128;911-387;931e;2;15;7;1;7;13;1;0.24;198.6;1.1;3;quer.old;5.3;162.43;2.5;52;1;U;16.79;18.1;0;2.16;0;0;0;0;0;79.74;50;0;125;0;175;0.95;0;2.91;0;3.86;4;0;1
911-388;H129;911-388;931f;8;0;0;0;0;23;0;0.12;135;1.1;8;alnu.all;5.68;0.44;2.5;54T;-999;T;28.57;22.39;13.67;63.95;0;0;0;0;0;0;75;50;50;1525;1700;0.17;5.63;0.52;3.6;9.92;0;0;2
911-389;H130;911-389;930b;2;12;2;2;8;14;0;1.46;616.8;1.4;40;coni.old;15.6;195.55;7.5;44;15;0;16.79;0;13.67;0;0;85.64;0;0.7;0;0;925;0;0;0;925;50.54;0;0;0;50.54;0;34;1
911-390;H131;911-390;930b;5;10;4;0;6;31;1;1.46;616.8;1.4;40;coni.old;6.11;131.9;10;44;15;0;52.5;0;28.98;0;0;51.85;0;2.3;0;16.88;600;0;0;0;600;26.15;0;0;0;26.15;0;30;1.8
911-391;H132;911-391;928c;1;2;2;0;0;5;2;1.21;651.9;1.7;23;fagu.med;7.83;147.24;12.5;44S;15;S;9.64;0;6.21;0;0;1.4;92.4;0;0;0;0;1200;0;0;1200;0;13.33;0;0;13.33;3;0;1
911-392;H133;911-392;928b;1;6;0;2;4;15;1;1.15;699.9;1.8;32;coni.old;7;94.6;15;44S;15;S;35.71;0;0;0;0;66.53;0;33.47;0;0;350;0;0;0;350;22.5;0;0;0;22.5;0;13;1.4
911-393;H134;911-393;928a1;1;13;9;2;2;3;1;5.34;1104.1;1.3;109;fagu.old;0;-1;20;44S;15;S;0;0;0;0;0;0;0;100;0;0;0;375;0;0;375;0;37.57;0;0;37.57;8;0;1
911-394;H135;911-394;928a2;1;18;7;1;10;8;0;0.35;260.5;1.2;70;fagu.old;11.43;233.09;25;44;15;0;14.29;0;13.22;0;0;0;0;86.79;0;0;0;150;0;0;150;0;10.77;0;0;10.77;3;0;1.1
911-395;H136;911-395;950a1;0;13;6;2;5;5;0;5.47;1391.2;1.7;91;fagu.old;15.29;239.31;30;44;15;0;0;0;0;0;0;0;0;100;0;0;0;350;0;0;350;0;31.46;0;0;31.46;5;0;1
911-396;H137;911-396;952a1;1;15;12;1;2;6;0;1.97;929.5;1.9;111;fagu.old;19.82;321.51;30;43;15;0;0;0;0;0;0;0;0;100;0;0;0;375;0;0;375;0;19.71;0;0;19.71;5;0;1
911-397;H138;911-397;952d1;2;14;7;4;3;10;1;0.48;472;1.9;3;fagu.old;9.18;30.82;22.5;33;1;0;50;0;12.38;0;0;26.36;0;61.26;0;0;0;200;0;0;200;0;11.09;0;0;11.09;4;0;1
912-387;H139;912-387;923e;4;21;11;2;8;23;4;0.69;336.3;1.1;3;open;0;-1;2.5;44S;15;S;7.14;97.59;0;0;0;0;0;0;0;2.41;0;0;0;0;0;0;0;0;0;0;0;0;1
912-388;H140;912-388;923a;3;13;8;2;3;2;2;1.05;647.7;1.8;7;open;0;-1;2.5;54T;-999;T;23.93;88.6;11.4;0;0;0;0;0;0;0;2300;0;0;0;2300;1.85;0;0;0;1.85;0;0;1
912-389;H141;912-389;924b;3;9;5;1;3;15;0;1.77;612.2;1.3;53;fagu.old;3.83;129.02;7.5;43;15;0;38.21;0;10.67;0;11.93;0;0;77.41;0;0;25;675;25;0;725;0.64;26.6;0.64;0;27.87;13;1;1
912-390;H142;912-390;924b;2;12;5;1;6;18;1;1.77;612.2;1.3;53;fagu.old;4.25;165.86;7.5;43;15;0;31.07;0;7.74;0;4.71;0;0;87.55;0;0;0;1300;100;0;1400;0;18.1;5.98;0;24.08;12;0;1.5
912-391;H143;912-391;928a1;1;19;8;3;8;7;2;5.34;1104.1;1.3;109;fagu.old;6.49;138.65;10;44;15;0;16.79;0;4.43;0;0;0;0;76.26;0;19.32;0;225;0;0;225;0;29.18;0;0;29.18;7;0;1
912-392;H144;912-392;928a1;0;9;6;1;2;4;0;5.34;1104.1;1.3;109;fagu.old;13.77;110.54;15;44S;15;S;0;0;0;0;0;0;0;100;0;0;0;175;0;0;175;0;68.05;0;0;68.05;6;0;1
912-393;H145;912-393;928a1;0;10;3;2;5;3;1;5.34;1104.1;1.3;109;fagu.old;13.74;196.46;22.5;44;15;0;0;0;0;0;0;0;0;100;0;0;0;275;0;0;275;0;35.25;0;0;35.25;7;0;1
912-394;H146;912-394;927a;1;17;11;5;1;2;1;3.08;1189.3;1.9;115;fagu.old;10.65;264.36;30;44;15;0;35.71;0;0;0;42.96;0;0;57.04;0;0;550;125;0;0;675;7.95;19.58;0;0;27.53;3;0;2
912-395;H147;912-395;952c;0;15;7;2;6;9;0;0.63;466.6;1.7;72;fagu.old;20.12;98.54;30;44;15;0;26.07;0;19.87;0;5.27;0;0;74.86;0;0;0;375;50;0;425;0;16.31;1.27;0;17.59;6;0;1
912-396;H148;912-396;952a1;1;12;9;1;2;7;0;1.97;929.5;1.9;111;fagu.old;26.68;38.98;27.5;43;15;0;7.14;0;5.37;0;0;0;0;94.63;0;0;0;150;0;0;150;0;24.03;0;0;24.03;4;0;1
913-388;H149;913-388;923c;0;22;13;2;7;7;0;0.46;274.4;1.1;62;fagu.old;0;-1;2.5;43;15;0;0;0;0;0;0;0;0;100;0;0;25;275;0;0;300;0.64;48.13;0;0;48.77;9;0;1
913-389;H150;913-389;924g;5;32;18;2;12;9;0;0.13;185.4;1.5;13;quer.med;0;158.22;5;44S;15;S;50;0;0;0;37.13;0;0;23.33;39.54;0;225;175;325;0;725;0.49;0.62;0.89;0;2;0;0;2
913-390;H151;913-390;924c;5;4;4;0;0;11;1;1.34;468.3;1.1;15;coni.med;7.93;131.43;5;44S;15;S;23.93;0;0;0;74.9;0;0;25.11;0;0;900;200;125;0;1225;3.28;0.66;0.91;0;4.85;0;0;2
913-391;H152;913-391;924a1;4;15;9;3;3;6;0;1.9;949.5;1.9;112;fagu.old;12.18;135.44;7.5;44S;15;S;0;0;0;0;0;0;0;100;0;0;0;225;25;0;250;0;17.48;0.64;0;18.12;4;0;1
913-392;H153;913-392;928a1;1;11;8;0;3;9;0;5.34;1104.1;1.3;109;fagu.old;14.81;151.22;12.5;44S;15;S;0;0;0;0;0;0;0;100;0;0;0;225;0;0;225;0;30.37;0;0;30.37;6;0;1
913-393;H154;913-393;927c1;1;0;0;0;0;1;3;0.42;258;1.1;22;coni.med;15.05;167.7;25;44;15;0;2.5;0;0;0;99.3;0;0;0.7;0;0;900;0;25;0;925;39.97;0;0.64;0;40.61;0;25;1
913-394;H155;913-394;927a;1;7;6;0;1;7;0;3.08;1189.3;1.9;115;fagu.old;32.4;31.97;27.5;44;15;0;7.14;0;0;0;5.89;0;0;94.11;0;0;0;175;50;0;225;0;21.44;0.13;0;21.57;4;0;1
913-395;H156;913-395;926d;1;3;0;0;3;17;3;0.68;389.1;1.3;24;coni.med;10.93;95.25;22.5;44;15;0;16.79;0;12.8;0;84.94;2.27;0;0;0;0;750;0;0;0;750;34.51;0;0;0;34.51;0;25;1
913-396;H157;913-396;953a;3;20;6;1;13;8;0;1.45;774.7;1.8;58;fagu.old;0;-1;20;44;15;0;35.71;0;36.05;0;0;0;0;63.95;0;0;50;100;25;0;175;5.35;10.43;0.64;0;16.41;4;2;1.8
914-390;H158;914-390;924e;4;18;3;4;11;8;4;0.3;224.1;1.2;18;coni.med;0;-1;2.5;44S;15;S;59.64;31.94;0;0;41.49;0;0;26.57;0;0;1475;200;100;0;1775;12.94;10.79;0.73;0;24.46;3;2;2
914-391;H159;914-391;924a1;1;16;10;2;4;9;0;1.9;949.5;1.9;112;fagu.old;7.76;213.1;5;44S;15;S;42.86;0;0;0;0;0;8.02;60.43;0;31.56;0;325;0;0;325;0;26.76;0;0;26.76;7;0;1.2
914-392;H160;914-392;924a1;1;20;14;3;3;14;2;1.9;949.5;1.9;112;fagu.old;0;-1;7.5;44;15;0;35.71;0;0;0;0;0;32.53;67.47;0;0;0;75;25;0;100;0;14.19;0.64;0;14.83;3;0;1.5
914-393;H161;914-393;road;1;16;10;3;3;15;4;0;0;0;115;road;14.5;118.32;15;44;15;0;35.71;0;39.02;0;0;0;0;60.98;0;0;0;100;0;0;100;0;30.6;0;0;30.6;4;0;1.3
914-394;H162;914-394;927a;1;16;11;1;4;7;0;3.08;1189.3;1.9;115;fagu.old;7.66;70.47;15;44;15;0;2.5;0;3.66;0;0;0;0;96.34;0;0;0;50;75;0;125;0;9.95;0.1;0;10.04;2;0;1
914-395;H163;914-395;926b1;5;16;6;5;5;17;4;0.97;456.9;1.3;29;coni.med;5.38;90.36;15;44S;15;S;2.5;0;0;0;96.2;0;0;0;3.8;0;625;0;100;0;725;36.47;0;3;0;39.47;3;22;1
914-396;H164;914-396;926a1;1;9;6;1;2;9;1;1.43;633.8;1.5;115;fagu.old;12.62;201.77;20;44;15;0;14.29;0;9.55;0;5.37;0;0;85.08;0;0;0;200;0;0;200;0;11.34;0;0;11.34;5;0;1
915-393;H165;915-393;925d;3;14;9;2;3;11;6;0.17;217.4;1.5;47;coni.old;0;-1;10;54T;-999;T;45.36;5.37;0;0;0;55.58;0;3.59;0;35.46;0;0;225;25;250;0;0;16.46;2.41;18.87;6;0;1.2
915-394;H166;915-394;925a3;2;17;12;3;2;8;0;0.2;209.7;1.3;68;coni.old;0;-1;12.5;44S;15;S;35.71;0;0;0;0;28.42;0;71.58;0;0;0;250;50;0;300;0;15.44;21.38;0;36.82;7;0;1.4
915-395;H167;915-395;926b1;3;3;0;0;3;24;4;0.97;456.9;1.3;29;coni.med;7.75;198.12;15;44S;15;S;26.07;0;20.64;0;75.7;0;0;3.66;0;0;700;0;275;0;975;21.98;0;3.16;0;25.13;0;10;2
915-396;H168;915-396;926a2;2;7;3;0;4;9;2;0.17;166.1;1.1;63;fagu.old;30.63;196.99;22.5;44;15;0;0;0;0;0;0;0;0;100;0;0;0;400;0;0;400;0;20.3;0;0;20.3;9;0;1
916-396;H169;916-396;925a2;3;9;2;4;3;7;0;0.89;849.6;2.5;103;fagu.old;0;-1;25;33K;5;K;47.5;0;22.32;0;0;22.11;0;55.58;0;0;200;150;1275;0;1625;11.02;6.68;1.83;0;19.53;3;8;1
920-388;R1;920-388;920a5;2;3;2;0;1;2;3;0.42;276.9;1.2;1;open;6.61;206.29;0;52;1;U;0;100;0;0;0;0;0;0;0;0;2000;0;0;0;2000;0.2;0;0;0;0.2;0;0;1
920-389;R2;920-389;920b;4;18;9;1;8;16;5;0.87;755.4;2.3;100;quer.old;43.25;224.24;10;42;1;0;52.5;3.73;27.13;0;7.04;0;0;0;0;62.1;0;0;0;0;0;0;0;0;0;0;0;0;0
920-390;R3;920-390;920d2;3;14;5;4;5;5;2;0.62;357.3;1.3;1;open;13.77;274.76;10;44S;15;S;21.43;80.13;12.8;0;0;0;0;0;0;7.08;2000;0;0;0;2000;0.2;0;0;0;0.2;0;0;1
920-391;R4;920-391;919d1;7;20;9;3;8;12;3;0.58;376.7;1.4;47;quer.old;0;-1;12.5;44S;15;S;33.21;1.4;0;22.63;3.94;0;0;0;0;72.04;0;0;600;0;600;0;0;16.12;0;16.12;12;0;1.3
921-388;R5;921-388;920a4;7;26;4;2;20;30;2;0.25;257.7;1.5;14;coni.med;5.21;198.24;0;52;1;U;57.14;5.27;26.67;0;47;0.7;0;1.53;0;18.83;75;0;1550;125;1750;0.39;0;12.93;2.85;16.17;6;0;3
921-389;R6;921-389;920a1;1;18;10;0;8;14;2;1.46;489.9;1.1;10;coni.med;0;-1;7.5;43;5;0;0;0;0;0;100;0;0;0;0;0;2000;0;0;0;2000;0.8;0;0;0;0.8;0;0;1
921-390;R7;921-390;919b;10;17;8;1;8;15;5;1.77;545;1.2;11;coni.med;9.53;295.78;12.5;42;1;0;31.07;0;8.47;26.4;65.13;0;0;0;0;0;750;1350;425;0;2525;2.36;5.62;0.45;0;8.44;1;0;2
921-391;R8;921-391;919b;6;16;7;3;6;12;3;1.77;545;1.2;11;coni.med;5.25;233.27;12.5;43;5;0;0;0;0;0;100;0;0;0;0;0;350;300;750;725;2125;2.46;0.95;1.58;5.33;10.32;0;0;1.5
921-392;R9;921-392;919c;3;15;6;1;8;12;1;0.77;394.7;1.3;21;quer.old;4.75;307.37;12.5;44S;15;S;14.29;0;0;0;0;0;0;11.16;0;88.84;0;0;1400;0;1400;0;0;12.04;0;12.04;0;0;1.4
921-397;R10;921-397;903h;5;14;8;5;1;2;7;0.31;304.7;1.5;53;alnu.all;5.45;131.32;27.5;54T;-999;T;26.07;19.11;0;78.73;0;0;0;0;0;2.16;0;225;1225;125;1575;0;0.84;12.16;15.05;28.05;8;0;1.3
921-398;R11;921-398;903b1;5;13;7;2;4;10;1;1.2;568.4;1.5;66;quer.old;22.05;116.94;32.5;54T;-999;T;50;15.27;0;0;0;24.16;0;0;0;60.57;175;0;1100;0;1275;6.13;0;29.13;0;35.26;8;8;2
922-387;R12;922-387;917j3;5;23;11;1;11;25;8;0.23;213.4;1.3;53;alnu.all;0;-1;2.5;52;1;U;50;0;36.05;43.1;20.85;0;0;0;0;0;700;0;275;125;1100;13.62;0;8.56;0.96;23.15;1;5;1.8
922-388;R13;922-388;917e;2;15;7;3;5;26;0;0.82;356.8;1.1;50;quer.old;11.56;174.95;2.5;43;5;0;2.5;0;0;0;0;1.4;0;0;0;98.61;0;275;225;0;500;0;4.02;17.1;0;21.12;10;0;1
922-389;R14;922-389;920a3;3;35;22;2;11;22;5;0.52;345.3;1.4;4;open;23.45;209.75;10;44;15;0;38.21;59.97;28.38;0;0;0;0;3.94;0;7.71;0;50;500;0;550;0;4.37;0.82;0;5.19;1;0;2.3
922-390;R15;922-390;918d1;2;22;11;2;9;12;0;0.25;210;1.2;107;fagu.old;22.07;252.97;22.5;42;1;0;42.86;5.37;0;0;0;0;0;49.62;0;45.01;0;50;200;0;250;0;1.12;15.42;0;16.54;8;0;1.2
922-391;R16;922-391;918a1;3;17;5;2;10;12;0;0.98;427.3;1.2;47;quer.old;21.25;278.67;17.5;42;1;0;11.79;0;7.08;0.7;0;0;0;2.16;0;90.06;25;250;525;0;800;0.79;4.46;10.86;0;16.11;6;1;1
922-392;R17;922-392;919a1;2;17;9;3;5;6;1;3.23;1418.4;2.2;118;fagu.old;42.06;269.21;20;42;1;0;26.07;0;2.86;0;0;0;0;73.08;0;24.06;0;175;0;0;175;0;20.73;0;0;20.73;6;0;1
922-393;R18;922-393;919a1;2;18;12;4;2;3;1;3.23;1418.4;2.2;118;fagu.old;10.44;177.84;17.5;44SI;30;SI;0;0;0;0;0;0;0;100;0;0;0;75;0;0;75;0;17;0;0;17;3;0;1
922-394;R19;922-394;904a4;1;26;16;3;7;14;4;3.13;793.9;1.3;118;fagu.old;4.15;142.37;20;44;15;0;35.71;0;33.09;0;0;0;0;66.91;0;0;0;75;0;0;75;0;24.5;0;0;24.5;3;0;2
922-395;R20;922-395;904a1;1;18;14;1;3;13;0;3.17;1212.9;1.9;118;fagu.old;12.16;135.79;22.5;44;15;0;0;0;0;0;0;0;0;100;0;0;0;75;0;0;75;0;19.09;0;0;19.09;4;0;1
922-396;R21;922-396;904a1;3;8;5;3;0;6;0;3.17;1212.9;1.9;118;fagu.old;0;49.88;25;44;15;0;0;0;0;0;0;0;0;100;0;0;0;1150;25;0;1175;0;35.72;0.79;0;36.5;5;0;1
922-397;R22;922-397;903a2;2;22;10;5;7;9;3;1.64;623.9;1.4;116;fagu.old;6.59;199.95;27.5;44S;15;S;2.5;0;0;0;0;1.4;0;98.61;0;0;0;175;0;0;175;0;31.41;0;0;31.41;6;0;1.2
922-398;R23;922-398;903b1;4;14;11;0;3;9;1;1.2;568.4;1.5;66;quer.old;10.61;178.93;32.5;44;15;0;9.64;0.7;0;0;0;9.97;0;0;0;89.33;25;50;600;0;675;2.69;1.67;28.83;0;33.19;9;1;1.2
923-385;R24;923-385;921b;1;11;3;1;7;7;2;1.69;661.1;1.4;2;open;14.84;19.01;10;44;15;0;0;100;0;0;0;0;0;0;0;0;2000;0;0;0;2000;0.4;0;0;0;0.4;0;0;1
923-387;R25;923-387;917k2;3;25;8;8;9;17;2;0.17;182;1.2;2;open;12.72;257.7;5;43;5;0;61.79;39.44;31.35;0;0;0;0;28.52;0;0.7;1000;175;0;0;1175;0.45;7.02;0;0;7.47;3;0;2.4
923-388;R26;923-388;917a2;1;28;7;3;18;14;2;0.87;444.7;1.3;56;fagu.old;14.6;221.35;5;44S;15;S;38.21;0;16.14;0;0;0;0;83.16;0;0.7;0;425;0;0;425;0;15.16;0;0;15.16;7;0;1.2
923-389;R27;923-389;917c1;1;26;9;6;11;26;2;1.14;690.9;1.8;110;fagu.old;14.98;210.68;10;43;5;0;50;31.56;10.57;0;0;0;0;57.88;0;0;0;325;0;0;325;0;14.56;0;0;14.56;5;0;2
923-390;R28;923-390;918d2;1;9;4;0;5;11;0;0.09;187.8;1.8;107;fagu.old;13;157.26;17.5;42;1;0;47.5;0;25.66;0;0;0;33.65;40.69;0;0;0;200;0;0;200;0;27.36;0;0;27.36;4;0;2
923-391;R29;923-391;918b1;4;13;5;4;4;10;2;0.45;267.2;1.1;34;fagu.med;0;-1;22.5;42;1;0;40.36;0;19.77;0;1.46;0;76.6;0;0;2.16;100;650;25;0;775;0.26;15.99;0.24;0;16.48;12;0;1.5
923-392;R30;923-392;919e;1;33;13;9;11;5;2;0.48;303;1.2;26;fagu.med;24.98;84.12;27.5;42;1;0;4.64;0;4.5;0;0;0;94.11;0;0;1.4;0;875;0;0;875;0;23.36;0;0;23.36;20;0;1
923-393;R31;923-393;904a4;1;16;13;0;3;10;1;3.13;793.9;1.3;118;fagu.old;19.28;300.31;17.5;44SI;30;SI;0;0;0;0;0;0;0;100;0;0;0;200;0;0;200;0;37.54;0;0;37.54;7;0;1
923-394;R32;923-394;904a4;1;8;6;0;2;7;1;3.13;793.9;1.3;118;fagu.old;11.8;189.97;20;43;5;0;0;0;0;0;0;0;0;100;0;0;0;75;0;0;75;0;23.14;0;0;23.14;3;0;1
923-396;R33;923-396;904a1;1;19;14;3;2;16;1;3.17;1212.9;1.9;118;fagu.old;15.64;218.5;22.5;44;15;0;2.5;4.5;0;0;0;0;0;95.5;0;0;0;550;0;0;550;0;29.16;0;0;29.16;5;0;1.2
923-397;R34;923-397;903a2;1;17;12;2;3;4;1;1.64;623.9;1.4;116;fagu.old;0;-1;30;44;15;0;0;0;0;0;0;0;0;100;0;0;0;175;0;0;175;0;24.06;0;0;24.06;4;0;1.5
923-398;R35;923-398;903d2;3;32;19;1;12;4;5;0.07;169.5;1.8;73;quer.old;17.83;206.97;35;44S;15;S;71.43;0;0;0;43.62;0;0;43.03;0;13.35;1300;75;0;0;1375;8.34;5.69;0;0;14.03;2;0;2.3
924-385;R36;924-385;91600;2;15;9;4;2;31;4;2;1184.8;2.4;34;quer.old;0;-1;7.5;43;5;0;42.86;6.21;20.68;0;0;0;0;0;0;73.12;0;125;575;0;700;0;2.69;14.42;0;17.12;7;1;1.2
924-386;R37;924-386;91600;3;20;11;1;8;18;1;2;1184.8;2.4;34;quer.old;4.31;199.67;7.5;44;15;0;35.71;0;0;0;0;0;0;36.02;0;63.98;0;100;225;0;325;0;3.74;11.86;0;15.6;9;0;1
924-387;R38;924-387;916a1;2;11;5;0;6;27;1;2.35;796.9;1.5;50;fagu.old;4.13;327.33;7.5;44;15;0;0;0;0;0;0;0;0;100;0;0;0;650;0;0;650;0;21.5;0;0;21.5;11;0;1
924-388;R39;924-388;917d;4;10;3;3;4;7;2;1.1;465.9;1.3;6;open;23.22;258.12;10;44S;15;S;35.71;62.83;0;0;0;0;0;37.17;0;0;0;50;0;0;50;0;2;0;0;2;1;0;2.5
924-389;R40;924-389;917a1;0;8;5;0;3;23;0;1.04;410.8;1.1;56;quer.old;0;-1;10;44S;15;S;9.64;7.08;0;0;0;0;0;1.4;0;91.53;0;125;50;0;175;0;11.61;4.16;0;15.77;4;0;2
924-390;R41;924-390;917b;3;17;8;1;8;11;0;1.35;506.1;1.2;5;fagu.old;10.73;201.54;15;44S;15;S;0;0;0;0;0;0;0;100;0;0;0;25;50;0;75;0;0.57;0.04;0;0.6;0;0;1.2
924-391;R42;924-391;road;2;31;17;6;8;14;1;0;0;0;110;road;0;-1;20;44;15;0;47.5;0;43.45;0;22.39;0;0;34.17;0;0;400;75;50;0;525;4.83;0.84;11.05;0;16.71;2;2;3
924-392;R43;924-392;906c1;3;25;13;2;10;25;2;1.14;688.1;1.8;113;fagu.old;7.19;-1;20;44;15;0;14.29;0;10.84;0;0;0;0;89.16;0;0;0;250;650;0;900;0;21.12;17.82;0;38.95;6;0;2
924-393;R44;924-393;road;7;28;20;2;6;16;2;0;0;0;57;road;6.46;184.4;20;44;15;0;61.79;0;39.02;0;0;21.41;0;0.7;0;38.88;100;50;450;0;600;2.94;0.22;13.23;0;16.39;5;0;2.5
924-394;R45;924-394;904a4;2;12;7;2;3;13;3;3.13;793.9;1.3;118;fagu.old;0;-1;22.5;43;5;0;2.5;0;3;0;0;0;0;97;0;0;0;200;0;0;200;0;34.68;0;0;34.68;5;0;1
924-395;R46;924-395;904d;2;4;0;0;4;8;1;0.67;393.6;1.4;59;fagu.old;0;-1;20;44;15;0;7.14;6.21;0;0;0;0;0;93.79;0;0;0;450;25;0;475;0;23.6;1.54;0;25.14;10;0;1
924-396;R47;924-396;90400;4;8;6;0;2;5;0;0.24;297;1.7;53;alnu.all;21.89;205.35;25;44S;15;S;52.5;7.08;0;61.82;0;0;0;18.06;0;13.04;50;150;75;25;300;1.71;5.14;6.77;2.01;15.64;6;1;1.4
924-397;R48;924-397;903c;1;21;16;1;4;9;3;1.05;432.8;1.2;3;fagu.old;0;-1;30;44;15;0;2.5;0;3;0;0;0;0;97;0;0;0;75;0;0;75;0;18.86;0;0;18.86;4;0;1.4
924-398;R49;924-398;903a1;1;7;2;2;3;14;1;1.53;672.1;1.5;116;fagu.old;0;-1;42.5;44;15;0;0;0;0;0;0;0;0;100;0;0;0;225;25;0;250;0;20.26;7.07;0;27.32;5;0;1
925-384;R50;925-384;916h2;6;12;5;2;5;28;1;0.12;142.1;1.1;63;quer.old;8.86;178.47;2.5;54T;-999;T;50;0;9.03;0;40.27;0;0;0;0;50.7;50;475;150;0;675;1.21;25.6;9.65;0;36.47;10;0;1.5
925-385;R51;925-385;91600;1;23;10;3;10;13;2;2;1184.8;2.4;34;quer.old;0;-1;5;43;5;0;28.57;0;0;0;10.32;0;0;10.98;0;78.7;25;300;175;0;500;0.5;5.21;8.61;0;14.33;9;0;1.8
925-386;R52;925-386;916d1;3;18;8;6;4;18;1;2.23;777;1.5;48;quer.old;0;-1;10;54T;-999;T;0;0;0;0;0;0;0;0;0;100;0;0;675;100;775;0;0;0.28;20.71;20.99;10;0;1
925-387;R53;925-387;916d1;2;28;17;1;10;17;0;2.23;777;1.5;48;quer.old;0;-1;10;54T;-999;T;0;0;0;0;0;0;0;0;0;100;25;0;225;75;325;2.54;0;3.29;7.74;13.58;8;1;1
925-388;R54;925-388;916b3;1;8;1;1;6;12;1;0.87;379.1;1.1;6;open;6.6;-1;7.5;44;15;0;0;100;0;0;0;0;0;0;0;0;1800;0;0;0;1800;0.9;0;0;0;0.9;0;0;1
925-389;R55;925-389;917a1;1;8;4;0;4;12;0;1.04;410.8;1.1;56;quer.old;12.58;200.88;12.5;44;15;0;35.71;0;0;0;0;0;0;45.12;0;54.88;0;1075;0;0;1075;0;29.97;0;0;29.97;16;0;1
925-390;R56;925-390;906c2;1;14;8;2;4;13;0;0.48;453.7;1.8;113;fagu.old;16.65;235.32;20;44;15;0;28.57;0;13.08;0;11.86;0;0;75.07;0;0;0;550;0;0;550;0;34.71;0;0;34.71;8;0;1
925-391;R57;925-391;906b;5;12;4;1;7;6;1;1.38;496.4;1.2;5;coni.med;8.4;322.86;22.5;43;5;0;23.93;0;15.03;0;84.97;0;0;0;0;0;1000;0;0;0;1000;1;0;0;0;1;0;0;1
925-392;R58;925-392;906c1;3;20;11;1;8;13;2;1.14;688.1;1.8;113;fagu.old;4.34;292.76;20;44;15;0;35.71;0;0;0;44.6;0;0;55.4;0;0;500;325;0;0;825;4.77;1.26;0;0;6.03;0;3;2.2
925-393;R59;925-393;905d;1;14;2;1;11;14;0;0.7;388.7;1.3;27;coni.med;6.97;211.5;20;44;15;0;95.36;0;20.61;0;31.73;12.41;0;35.25;0;0;500;75;0;0;575;17.16;6.07;0;0;23.23;2;7;2.2
925-394;R60;925-394;905d;5;16;8;2;6;9;2;0.7;388.7;1.3;27;coni.med;0;-1;20;54T;-999;T;23.93;0;0;0;84.14;0;0;15.87;0;0;575;0;50;0;625;17.68;0;0.67;0;18.35;0;10;2
925-395;R61;925-395;905g;3;4;1;1;2;7;3;0.87;382.1;1.2;10;coni.med;7.37;230.68;25;44;15;0;0;0;0;0;100;0;0;0;0;0;1000;0;0;0;1000;1.4;0;0;0;1.4;0;0;1
925-396;R62;925-396;905h1;4;21;11;0;10;10;7;0.32;232;1.2;47;alnu.all;6.41;197.39;27.5;44S;15;S;33.21;0;6.21;70.15;0;2.96;0;20.68;0;0;0;0;350;150;500;0;0;1.94;7.08;9.02;8;0;1.4
925-397;R63;925-397;road;5;0;0;0;0;40;1;0;0;0;108;road;11.83;183.92;35;44;15;0;23.93;0;59.69;0;0;0;0;40.31;0;0;0;175;0;0;175;0;27.56;0;0;27.56;5;0;2.2
925-398;R64;925-398;903a1;2;9;7;0;2;6;0;1.53;672.1;1.5;116;fagu.old;0;-1;42.5;44;15;0;7.14;0;7.92;0;0;0;0;92.09;0;0;0;275;0;0;275;0;35.02;0;0;35.02;4;0;1
926-384;R65;926-384;road;5;40;22;6;12;11;2;0;0;0;41;road;8.1;211.03;5;43;5;0;92.86;3.21;43.1;6.24;18.9;21.41;7.15;0;0;0;750;100;0;0;850;31;0.8;0;0;31.8;0;10;2.4
926-385;R66;926-385;916f1;3;6;2;0;4;14;0;0.23;237.4;1.4;16;coni.med;27.78;200.12;7.5;43;5;0;23.93;0;12.52;0;87.48;0;0;0;0;0;1825;750;150;0;2725;13.25;2.06;1.25;0;16.56;0;0;2
926-386;R67;926-386;916b1;0;13;5;3;5;8;1;2.76;961.4;1.6;10;coni.med;0;-1;7.5;44;15;0;2.5;0;0;0;97.04;0;0;0;0;2.96;1000;0;0;0;1000;1.5;0;0;0;1.5;0;0;1
926-387;R68;926-387;916c;1;23;11;1;11;12;2;1.25;503.4;1.3;6;open;4.89;28.63;7.5;44S;15;S;7.14;89.09;0;0;0;0;0;0;0;10.91;1000;0;0;0;1000;1;0;0;0;1;0;0;1
926-388;R69;926-388;916m;3;29;13;2;14;10;1;0.82;401.2;1.3;3;open;0;-1;10;44S;15;S;7.14;96.13;0;0;0;0;0;3.87;0;0;0;200;25;0;225;0;8.69;2.27;0;10.96;5;0;2
926-389;R70;926-389;906d;3;22;14;1;7;10;1;1.06;551.9;1.5;49;quer.old;13.1;161.18;15;44S;15;S;23.93;0;26.5;0;0;5.37;0;2.16;0;65.97;0;225;400;0;625;0;0.58;13.28;0;13.86;10;0;1.1
926-390;R71;926-390;906d;0;18;11;2;5;11;0;1.06;551.9;1.5;49;quer.old;7.56;160.52;22.5;44;15;0;45.36;0;9.48;0;0;8.68;0;7.39;0;74.44;100;75;225;0;400;6.49;1.3;11.13;0;18.93;9;4;2
926-391;R72;926-391;906d;4;12;6;1;5;10;0;1.06;551.9;1.5;49;quer.old;0;-1;25;43;5;0;35.71;0;0;0;67.36;0;0;0;0;32.64;600;100;150;0;850;8.79;5.2;10.32;0;24.31;9;4;2
926-392;R73;926-392;906a;5;12;6;1;5;9;1;2.71;769.4;1.3;17;coni.med;0;-1;25;44;15;0;2.5;0;0.7;0;99.3;0;0;0;0;0;2275;2400;25;0;4700;8.65;7.25;0.03;0;15.94;0;0;1
926-393;R74;926-393;905a1;3;19;10;4;5;8;1;3.8;990.1;1.4;112;fagu.old;6.36;283.37;22.5;44;15;0;35.71;0;0;0;32.11;0;0;67.89;0;0;225;275;150;0;650;0.85;21.26;0.53;0;22.64;4;0;1
926-394;R75;926-394;905a1;3;17;11;2;4;14;1;3.8;990.1;1.4;112;fagu.old;6.31;246.18;22.5;44;15;0;0;0;0;0;0;0;0;100;0;0;0;150;0;0;150;0;13.58;0;0;13.58;1;0;1.4
926-395;R76;926-395;905a1;1;16;7;3;6;9;1;3.8;990.1;1.4;112;fagu.old;0;-1;25;44;15;0;2.5;0;0;0;0;0;0;98.61;1.4;0;0;0;50;0;50;0;0;27.09;0;27.09;2;0;1
926-396;R77;926-396;902b2;3;7;0;0;7;30;3;0.15;182.9;1.3;38;coni.old;0;-1;30;44;15;0;100;5.4;32.04;0;0;32.36;0;21.69;8.51;0;425;25;0;0;450;9.89;1.77;0;0;11.66;1;4;2
926-397;R78;926-397;902a1;1;22;2;4;16;11;4;3.48;964.3;1.5;108;fagu.old;7.77;199;35;44S;15;S;0;0;0;0;0;0;0;100;0;0;0;200;0;0;200;0;12.53;0;0;12.53;4;0;1
926-398;R79;926-398;902a2;4;11;4;1;6;14;0;2.06;735.1;1.4;108;fagu.old;0;-1;37.5;43;15;0;2.5;0;1.4;0;0;0;0;98.61;0;0;0;275;25;0;300;0;25.41;4.52;0;29.94;8;0;1
927-383;R80;927-383;914d;4;23;8;0;15;14;3;0.36;352.1;1.6;42;fagu.old;10.62;306.46;5;44;15;0;45.36;0;41.81;1.46;0;0;0;55.06;0;1.67;0;550;200;0;750;0;4.72;3.45;0;8.17;6;0;2.2
927-384;R81;927-384;915g1;2;34;13;5;16;4;2;0.93;612.3;1.8;5;alnu.all;0;-1;2.5;54T;-999;T;16.79;12.87;0;84.14;0;3;0;0;0;0;0;0;175;175;350;0;0;0.38;6.01;6.4;4;0;2
927-385;R82;927-385;915f;5;32;13;2;17;11;1;0.96;497.1;1.4;7;open;9.08;100.22;7.5;44;15;0;52.5;58.54;16.11;0;0;15.76;0;9.59;0;0;350;67;100;0;517;2.95;0.36;0.24;0;3.54;1;0;2
927-386;R83;927-386;915d3;1;25;22;1;2;17;0;0.03;68.7;1.1;58;quer.old;5.7;62.73;7.5;44S;15;S;52.5;0;22.32;0;2.09;0;0;48.78;0;26.81;0;550;0;0;550;0;18.65;0;0;18.65;11;0;1
927-387;R84;927-387;916c;0;6;5;0;1;8;0;1.25;503.4;1.3;6;open;2.82;81.14;7.5;44S;15;S;7.14;81.83;0;0;18.17;0;0;0;0;0;2200;0;0;0;2200;1.3;0;0;0;1.3;0;0;1
927-388;R85;927-388;916l;2;10;2;0;8;11;2;0.47;298.7;1.2;34;coni.old;24.43;197.18;10;54T;-999;T;16.79;0;16.14;0;0;81;0;2.86;0;0;200;0;125;250;575;4.96;0;15.95;3.42;24.34;3;3;2
927-389;R86;927-389;907c;0;16;6;5;5;10;0;0.87;385.9;1.2;3;coni.med;10.36;270.34;17.5;43;15;0;23.93;0;0;0;71.48;0;0;28.52;0;0;1000;1200;0;0;2200;1.2;18;0;0;19.2;2;0;0
927-390;R87;927-390;907a1;0;23;14;2;7;10;1;1.99;707.5;1.4;97;fagu.old;16.8;120.38;17.5;44S;15;S;0;0;0;0;0;0;0;100;0;0;0;200;0;0;200;0;20.85;0;0;20.85;5;0;1.5
927-391;R88;927-391;907a1;2;16;7;4;5;14;0;1.99;707.5;1.4;97;fagu.old;9.54;138.38;22.5;44S;15;S;2.5;0;0;0;3.73;0;0;96.27;0;0;200;525;75;0;800;1.06;12.62;4.14;0;17.82;6;1;1.5
927-392;R89;927-392;906a;3;10;3;2;5;13;3;2.71;769.4;1.3;17;coni.med;0;-1;25;43;5;0;0;0;0;0;100;0;0;0;0;0;1325;1725;150;0;3200;5.49;5.73;0.46;0;11.68;0;1;1.2
927-393;R90;927-393;905a1;0;23;14;4;5;10;3;3.8;990.1;1.4;112;fagu.old;0;-1;25;43;5;0;0;0;0;0;0;0;0;100;0;0;0;225;25;0;250;0;14.21;3.14;0;17.35;5;0;1
927-394;R91;927-394;905c1;4;10;7;1;2;15;5;0.68;374.4;1.3;26;coni.med;26.27;203.3;25;44;15;0;2.5;0;0;0;97;0;0;3;0;0;550;0;75;0;625;19.15;0;0.05;0;19.2;0;16;1.2
927-396;R92;927-396;902a1;2;12;6;0;6;4;1;3.48;964.3;1.5;108;fagu.old;40.7;205.04;32.5;44;15;0;2.5;3.7;0;0;0;0;0;96.3;0;0;0;475;0;0;475;0;43.78;0;0;43.78;9;0;1.1
927-397;R93;927-397;902a1;1;12;7;0;5;3;1;3.48;964.3;1.5;108;fagu.old;7.88;174.77;35;33S;1;S;0;0;0;0;0;0;0;100;0;0;0;250;0;0;250;0;37.52;0;0;37.52;6;0;1
927-398;R94;927-398;902b1;2;9;2;0;7;19;4;1.61;511.3;1.1;26;coni.med;5.3;171.21;40;43;15;0;0;0;0;0;100;0;0;0;0;0;1250;0;0;0;1250;30.39;0;0;0;30.39;0;12;1
928-383;R95;928-383;915h;3;17;6;0;11;22;0;0.85;401.9;1.2;168;fagu.old;10.07;304.95;10;43;15;0;35.71;0;37.38;0;0;0;0;62.62;0;0;0;550;25;0;575;0;35.21;7.07;0;42.28;6;0;2
928-384;R96;928-384;915k1;4;18;7;3;8;11;2;0.55;315.3;1.2;26;coni.old;7.6;309.65;5;44;15;0;2.5;0;0;0;0;96.27;3.73;0;0;0;1050;0;0;0;1050;31.89;0;0;0;31.89;0;21;1
928-385;R97;928-385;915d1;2;14;7;1;6;4;1;1.25;824.1;2.1;58;fagu.old;0;-1;5;44S;15;S;42.86;0;0;0;35.53;0;0;56.56;0;7.92;850;0;0;0;850;0.8;0;0;0;0.8;0;0;1
928-386;R98;928-386;915d1;1;15;13;1;1;6;1;1.25;824.1;2.1;58;fagu.old;0;-1;7.5;44S;15;S;23.93;0;0;0;24.09;0;0;75.91;0;0;0;100;0;0;100;0;7.44;0;0;7.44;3;0;1.6
928-387;R99;928-387;road;1;18;4;1;13;33;1;0;0;0;103;road;19.48;215.23;10;43;15;0;38.21;0;54.81;0;10.15;0;0;35.04;0;0;250;533;200;0;983;0.04;3.25;1.08;0;4.37;1;0;2
928-388;R100;928-388;907f;4;37;7;5;25;5;2;0.18;213.8;1.4;49;quer.old;45.3;246.67;12.5;43;15;0;57.14;0;38.25;0;0;18.31;0;7.01;0;36.44;0;450;50;0;500;0;12.88;3.42;0;16.3;7;0;2.2
928-389;R101;928-389;907b;0;19;11;4;4;27;1;1.63;513.3;1.1;49;fagu.old;6.81;194.51;20;43;15;0;28.57;0.77;22.04;0;0;0;0;75.73;1.46;0;0;750;25;0;775;0;20.15;1.13;0;21.28;14;0;1.1
928-390;R102;928-390;907a2;0;24;15;3;6;10;3;0.2;181;1.1;1;open;5.65;267.85;20;44S;15;S;14.29;85.46;6.17;0;0;0;0;8.37;0;0;0;125;0;0;125;0;4.91;0;0;4.91;2;0;1.2
928-391;R103;928-391;908a1;2;16;11;2;3;16;1;3.35;1167.1;1.8;58;quer.old;9.76;142.39;22.5;44S;15;S;50;0;32.04;0;0;0;0;13.91;0;54.05;0;400;0;0;400;0;37.3;0;0;37.3;7;0;2
928-392;R104;928-392;908a1;1;23;8;5;10;11;2;3.35;1167.1;1.8;58;quer.old;4;171.54;25;44S;15;S;16.79;0;0.7;0;10.22;0;0;0;0;89.09;825;100;75;0;1000;12.57;4.13;0.51;0;17.22;2;6;2
928-393;R105;928-393;905f;1;28;16;7;5;12;1;0.49;354.6;1.4;3;fagu.old;7.18;273.25;25;44S;15;S;38.21;0;34.97;1.4;0;0;0;63.63;0;0;0;100;0;0;100;0;22.11;0;0;22.11;3;0;2
928-394;R106;928-394;909a1;2;16;5;3;8;7;4;0.92;544.3;1.6;109;fagu.old;41.23;202.54;30;44;15;0;26.07;0;23.26;0.7;0;0;0;76.05;0;0;0;250;25;0;275;0;30.59;1.89;0;32.48;9;0;1
928-398;R107;928-398;902b1;1;9;8;0;1;16;2;1.61;511.3;1.1;26;coni.med;10.18;151.46;40;43;15;0;14.29;0;0;0;84.87;0;0;15.13;0;0;1300;0;25;0;1325;23.18;0;0.5;0;23.68;0;4;1
928-399;R108;928-399;902c;1;9;4;1;4;0;2;0.71;358.1;1.2;26;coni.med;7.9;181.69;45;43;15;0;16.79;0;3.73;0;85.11;11.16;0;0;0;0;700;0;0;0;700;38.93;0;0;0;38.93;0;21;1
928-400;R109;928-400;901c1;2;13;6;0;7;8;2;0.62;588.4;2.1;50;fagu.old;12.52;206.85;50;43;15;0;26.07;1.4;19.7;0;0;0;0;78.91;0;0;0;525;200;0;725;0;9.29;12.17;0;21.46;10;0;1
928-401;R110;928-401;901c1;4;17;8;2;7;18;0;0.62;588.4;2.1;50;fagu.old;9.91;193.08;55;43;15;0;42.86;34.41;7.92;0;0;0;0;57.67;0;0;0;700;1033;0;1733;0;22.17;13.57;0;35.74;14;0;1.6
929-382;R111;929-382;914e;1;11;7;1;3;9;2;0.35;258.8;1.2;48;fagu.old;7.86;234.32;10;43;15;0;50;0;18.2;0;0;0;0;66.95;0;14.85;0;1725;125;0;1850;0;20.74;3.21;0;23.95;16;0;1
929-383;R112;929-383;915a1;4;28;10;1;17;22;2;1.36;715.1;1.7;53;quer.old;6.06;232.34;10;43;15;0;57.14;0;25.94;0;4.64;0;0;5.61;0;63.81;175;275;475;0;925;1.78;2.34;3.84;0;7.96;2;0;2.5
929-384;R113;929-384;915b;3;24;10;4;10;14;2;0.58;422.2;1.6;55;quer.old;24.62;330.24;10;43;15;0;35.71;0;25.56;0;0;0;0;0;0;74.44;0;125;200;0;325;0;1.94;12.68;0;14.62;5;0;1.2
929-385;R114;929-385;915b;0;19;12;0;7;14;0;0.58;422.2;1.6;55;quer.old;0;-1;7.5;54T;-999;T;7.14;0;8.68;0;0;0;0;0;0;91.32;0;650;150;0;800;0;7.15;16.4;0;23.55;7;0;1.8
929-386;R115;929-386;912a1;1;6;2;2;2;5;1;2.73;948.5;1.6;47;fagu.old;42.43;243.54;17.5;43;15;0;16.79;0;8.89;0;0;0.77;0;90.34;0;0;0;1200;50;0;1250;0;13.65;3.77;0;17.42;7;0;1
929-387;R116;929-387;912g;1;13;0;2;11;9;2;0.52;299.5;1.2;27;coni.med;47.04;242.37;27.5;43;15;0;38.21;0;22.73;0;73.47;0;0;0;0;3.8;650;0;0;0;650;26.67;0;0;0;26.67;0;18;1.2
929-388;R117;929-388;912e;3;15;9;0;6;4;1;0.67;411.7;1.4;46;quer.old;18.51;284.09;32.5;43;15;0;61.79;19.94;37.55;0;0;0;0;1.4;0;41.11;0;0;450;0;450;0;0;15.42;0;15.42;11;0;1.1
929-389;R118;929-389;911d;0;0;0;0;0;9;2;2.21;824.2;1.6;10;open;0;-1;30;43;15;0;35.71;80.75;19.25;0;0;0;0;0;0;0;25;25;3225;0;3275;0.07;0.03;5.62;0;5.72;0;0;1
929-390;R119;929-390;908b;1;12;3;2;7;4;1;2.81;888.8;1.5;7;open;7.6;285.55;27.5;43;15;0;14.29;80.68;19.32;0;0;0;0;0;0;0;2000;0;0;0;2000;1.2;0;0;0;1.2;0;0;1
929-391;R120;929-391;908c;2;14;9;2;3;8;0;0.57;346.8;1.3;68;fagu.old;6.14;250.37;25;43;5;0;2.5;0;0;0;0;0;0;99.3;0;0.7;0;2625;0;0;2625;0;28.88;0;0;28.88;5;0;1
929-392;R121;929-392;908a1;0;10;5;3;2;6;2;3.35;1167.1;1.8;58;quer.old;5.49;227.3;25;43;5;0;0;0;0;0;0;0;0;0;0;100;0;675;125;0;800;0;13.3;10.43;0;23.73;9;0;1
929-393;R122;929-393;908d;0;7;7;0;0;4;1;0.6;335;1.2;3;fagu.old;0;-1;27.5;43;5;0;38.21;0;15.93;0;0;0;0;55.61;0;28.45;0;25;975;0;1000;0;3.98;0.75;0;4.72;1;0;1
929-394;R123;929-394;909b;1;18;8;0;10;15;0;2.12;718.1;1.4;3;fagu.old;14.04;214.03;32.5;44;15;0;14.29;0;12.38;0;0;0;0;87.62;0;0;0;250;0;0;250;0;26.38;0;0;26.38;6;0;1
929-401;R124;929-401;901a;4;25;14;4;7;9;2;1.2;537.4;1.4;55;quer.old;18.7;221.65;57.5;43;15;0;4.64;1.46;0;0;0;0.7;0;0;0;97.84;0;850;125;0;975;0;7.62;14.4;0;22.02;7;0;1.2
929-402;R125;929-402;901a;4;7;3;2;2;16;1;1.2;537.4;1.4;55;quer.old;17.84;276.11;65;33K;1;K;14.29;13.63;0;0;0;0;0;0;0;86.37;0;650;1175;0;1825;0;5.01;18.37;0;23.38;11;0;1
930-384;R126;930-384;road;3;27;7;3;17;7;1;0;0;0;53;road;0;-1;10;43;15;0;26.07;0.77;40.73;0;0;0;0;0;0;58.51;25;400;25;0;450;0.44;14.38;2.69;0;17.51;8;0;2
930-385;R127;930-385;912d;1;22;10;3;9;9;1;0.57;325.8;1.2;56;quer.old;11.81;246.9;12.5;43;15;0;2.5;0;0.7;0;0;0;0;0;0;99.3;0;275;450;0;725;0;1.75;14.06;0;15.81;6;0;1
930-386;R128;930-386;912a1;0;5;2;2;1;6;2;2.73;948.5;1.6;47;fagu.old;18.38;196.01;22.5;43;15;0;0;0;0;0;0;0;0;100;0;0;0;1125;0;0;1125;0;28.72;0;0;28.72;18;0;1
930-387;R129;930-387;911b;1;8;3;1;4;12;0;2.65;680;1.2;7;open;7.79;130.19;32.5;43;15;0;9.64;93.79;5.51;0;0;0;0;0;0;0.7;750;200;200;0;1150;1.2;0.71;8.17;0;10.08;1;0;2
930-388;R130;#N/A;#N/A;#N/A;#N/A;#N/A;#N/A;#N/A;#N/A;#N/A;#N/A;#N/A;#N/A;#N/A;#N/A;#N/A;#N/A;#N/A;#N/A;#N/A;#N/A;#N/A;#N/A;#N/A;#N/A;#N/A;#N/A;#N/A;#N/A;#N/A;#N/A;#N/A;#N/A;#N/A;#N/A;#N/A;#N/A;#N/A;#N/A;#N/A;#N/A;#N/A;#N/A;#N/A
930-389;R131;930-389;911c;3;23;15;5;3;7;3;3.23;1099.8;1.7;5;open;14.56;55.47;27.5;43;5;0;0;100;0;0;0;0;0;0;0;0;1000;1000;0;0;2000;0.85;0.85;0;0;1.7;0;0;1
930-390;R132;930-390;911d;5;10;6;1;3;6;1;2.21;824.2;1.6;10;open;0;-1;27.5;43;15;0;2.5;98.61;1.4;0;0;0;0;0;0;0;0;0;1600;0;1600;0;0;1.54;0;1.54;0;0;1
930-391;R133;930-391;908b;5;11;3;5;3;6;1;2.81;888.8;1.5;7;open;0;-1;27.5;44S;15;S;0;100;0;0;0;0;0;0;0;0;2000;0;0;0;2000;1.2;0;0;0;1.2;0;0;1
930-392;R134;930-392;908b;1;11;5;3;3;2;3;2.81;888.8;1.5;7;open;14.39;252.03;30;43;15;0;0;100;0;0;0;0;0;0;0;0;2000;0;0;0;2000;1.2;0;0;0;1.2;0;0;1
930-393;R135;930-393;909b;1;20;11;0;9;10;4;2.12;718.1;1.4;3;fagu.old;20.6;254.85;30;43;5;0;0;0;0;0;0;0;0;100;0;0;0;475;0;0;475;0;27.38;0;0;27.38;7;0;1.2
930-394;R136;930-394;909b;2;18;9;3;6;5;0;2.12;718.1;1.4;3;fagu.old;11.57;-1;35;44SI;30;SI;0;0;0;0;0;0;0;100;0;0;0;400;0;0;400;0;21.43;0;0;21.43;6;0;1.3
931-385;R137;931-385;913f;0;10;2;1;7;10;0;0.48;373.3;1.5;54;quer.old;19.38;162.89;12.5;54T;-999;T;7.14;0;8.02;0;0;0;0;0;0;91.98;0;475;175;0;650;0;12.86;6.38;0;19.23;8;0;2
931-386;R138;931-386;912b;3;11;5;1;5;2;0;0.84;366.9;1.1;7;open;18.27;140.78;22.5;43;15;0;0;100;0;0;0;0;0;0;0;0;2000;0;0;0;2000;1.2;0;0;0;1.2;0;0;1
931-387;R139;931-387;911b;4;13;5;2;6;8;0;2.65;680;1.2;7;open;17.56;75.94;25;43;15;0;35.71;55.23;0;0;0;0;0;44.77;0;0;25;150;175;0;350;1.89;13.66;0.33;0;15.87;5;1;2
931-388;R140;931-388;911f3;3;27;12;4;11;18;2;0.87;407.5;1.2;1;open;7.84;21.73;22.5;43;15;0;42.86;70.64;24.69;0;0;0;0;4.67;0;0;0;0;0;0;0;0;0;0;0;0;0;0;1.4
931-389;R141;931-389;911a2;5;4;3;1;0;13;6;0.25;208.6;1.2;43;alnu.all;3.94;117.71;22.5;54T;-999;T;33.21;0.7;2.44;73.68;23.19;0;0;0;0;0;350;0;25;900;1275;1.96;0;0.28;18.99;21.24;7;0;1
931-390;R142;931-390;911c;2;14;11;1;2;11;0;3.23;1099.8;1.7;5;open;12.6;125.97;25;43;5;0;0;100;0;0;0;0;0;0;0;0;0;0;0;0;0;0;0;0;0;0;0;0;1.4
931-391;R143;931-391;911c;3;12;6;2;4;4;6;3.23;1099.8;1.7;5;open;16.91;182.62;30;43;15;0;14.29;87.03;12.97;0;0;0;0;0;0;0;0;0;0;0;0;0;0;0;0;0;0;0;1
931-392;R144;931-392;910f1;4;23;14;4;5;8;3;0.35;288.9;1.4;7;open;0;-1;30;43;15;0;14.29;88.6;4.71;0;0;0;0;6.7;0;0;2200;0;0;0;2200;1.4;0;0;0;1.4;0;0;1
931-393;R145;931-393;909a2;1;17;9;6;2;8;0;1.17;469.2;1.2;109;fagu.old;0;-1;32.5;44SI;30;SI;14.29;13.67;0;0;0;0;0;86.33;0;0;0;175;25;0;200;0;19.72;0.03;0;19.75;5;0;1
932-384;R146;932-384;913a;0;15;6;1;8;10;1;2.09;598.2;1.2;44;fagu.old;0;-1;10;33;1;0;35.71;0;20.89;0;0;0;0;79.11;0;0;0;1100;0;0;1100;0;19.24;0;0;19.24;12;0;1
932-385;R147;932-385;913a;0;36;18;7;11;9;0;2.09;598.2;1.2;44;fagu.old;0;-1;10;43;15;0;71.43;0;23.88;0;0;0;0;38.95;0;37.17;0;375;425;0;800;0;4.27;13.52;0;17.8;9;0;1.5
932-386;R148;932-386;913b;3;15;11;1;3;9;1;1.6;572.3;1.3;57;quer.old;22.14;94.36;12.5;43;15;0;21.43;0;8.19;0;0;0;0;6.17;0;85.64;0;350;500;0;850;0;4.96;13.82;0;18.78;9;0;1
932-387;R149;932-387;910c;3;22;13;3;6;12;0;1.52;520.9;1.2;67;fagu.old;16.6;110.28;15;43;15;0;0;0;0;0;0;0;0;100;0;0;0;500;0;0;500;0;28.68;0;0;28.68;10;0;1
932-388;R150;932-388;910d;1;30;16;5;9;1;0;0.79;380;1.2;105;fagu.old;26.95;70.99;17.5;43;15;0;2.5;0;4.5;0;0;0;0;95.5;0;0;0;275;0;0;275;0;29.14;0;0;29.14;4;0;1
932-389;R151;932-389;911a1;2;11;5;3;3;7;1;1.63;809.7;1.8;109;fagu.old;12.22;246.2;22.5;43;15;0;7.14;0;8.02;0;0;0;0;91.98;0;0;0;300;0;0;300;0;20.83;0;0;20.83;8;0;1
932-390;R152;932-390;911c;0;28;12;8;8;8;0;3.23;1099.8;1.7;5;open;0;-1;25;43;5;0;14.29;85.64;0;0;0;0;0;14.37;0;0;0;0;0;0;0;0;0;0;0;0;0;0;1
932-391;R153;932-391;910g;2;34;20;8;6;15;1;0.69;410.4;1.4;7;open;0;182.18;27.5;43S;15;S;35.71;69.32;30.68;0;0;0;0;0;0;0;0;0;75;0;75;0;0;0.07;0;0.07;0;0;2
932-392;R154;932-392;910a;2;11;7;2;2;5;0;3.05;812.2;1.3;6;open;0;166.04;32.5;43S;15;S;0;100;0;0;0;0;0;0;0;0;0;0;1300;0;1300;0;0;3.49;0;3.49;0;0;2
932-393;R155;932-393;909d;4;21;16;4;1;6;1;1.41;596.2;1.4;35;fagu.old;4.22;168.53;32.5;43S;15;S;21.43;6.83;6.17;0;0;0;0;86.99;0;0;275;725;1450;0;2450;0.91;2.51;6.34;0;9.77;0;0;1.3
933-384;R156;933-384;913e;3;10;5;1;4;16;1;0.41;264.6;1.2;53;coni.old;8.65;90.51;7.5;43;15;0;64.29;0;18.2;0;0;52.41;0;18.17;0;11.23;200;525;225;0;950;15.87;11.45;1.82;0;29.13;7;8;2
933-385;R157;933-385;913c;1;26;14;3;9;12;2;1.07;488.3;1.3;1;open;15.75;71.24;5;43S;5;S;14.29;77.69;0;0;0;0;0;22.32;0;0;0;175;0;0;175;0;3.81;0;0;3.81;3;0;2
933-386;R158;933-386;913d;6;26;13;5;8;26;2;0.46;297.1;1.2;49;quer.old;3.87;91.81;2.5;54T;-999;T;35.71;54.39;0;0;0;0;0;0;0;45.61;175;0;250;275;700;9.98;0;4.76;2.49;17.23;3;7;2.2
933-389;R159;933-389;910b1;3;3;1;1;1;8;0;2.23;830.9;1.6;67;fagu.old;23.22;154.49;20;43;15;0;14.29;0;0;0;0;18.1;0;81.9;0;0;250;100;0;0;350;16.86;8.58;0;0;25.44;2;10;1
933-390;R160;933-390;91000;0;10;2;4;4;8;4;0.4;296.5;1.3;5;fagu.old;17.27;97.61;22.5;33;1;0;0;0;0;0;0;0;0;100;0;0;0;75;0;0;75;0;11.18;0;0;11.18;3;0;2
933-391;R161;933-391;910a;1;15;9;4;2;5;3;3.05;812.2;1.3;6;open;31.95;134.49;25;43S;15;S;0;100;0;0;0;0;0;0;0;0;0;0;75;325;400;0;0;0.1;0.53;0.63;0;0;1
933-392;R162;933-392;910a;2;21;12;3;6;8;3;3.05;812.2;1.3;6;open;12.41;136.97;30;43;15;0;14.29;81.14;0;0;0;0;0;18.86;0;0;0;0;0;0;0;0;0;0;0;0;0;0;1
933-393;R163;933-393;909d;2;10;5;3;2;5;1;1.41;596.2;1.4;35;fagu.old;0;-1;35;43;15;0;2.5;0;0.7;0;0;0;0;99.3;0;0;0;1475;425;0;1900;0;14.87;3.46;0;18.33;5;0;1
